{
 "drop": "DROP TABLE IF EXISTS NOTIFIER",
 "clear": "TRUNCATE TABLE IF EXISTS NOTIFIER",
 "create": "CREATE TABLE IF NOT EXISTS NOTIFIER(\n              notifier_id VARCHAR PRIMARY KEY DEFAULT (hex( randomblob(16))),\n              /*fk+cols*/ subscriber_id VARCHAR,\n/*fk+cols*/ owner_group_id VARCHAR,\n/*fk+cols*/ source VARCHAR\n              ,\n              FOREIGN KEY(subscriber_id) REFERENCES SUBSCRIBER(subscriber_id) ,\nFOREIGN KEY(owner_group_id) REFERENCES OWNER_GROUP(owner_group_id) \n            )",
 "insert": "INSERT INTO NOTIFIER(\n            subscriber_id,owner_group_id,source\n            ) VALUES (@subscriber_id,@owner_group_id,@source)",
 "updateSingle": "UPDATE NOTIFIER SET\n            subscriber_id=@subscriber_id,\nowner_group_id=@owner_group_id,\nsource=@source\n            WHERE notifier_id=@notifier_id",
 "deleteSingle": "DELETE FROM NOTIFIER \n            WHERE notifier_id=@notifier_id",
 "getSingle": "SELECT * FROM NOTIFIER \n            WHERE notifier_id=@notifier_id",
 "getAll": "SELECT * FROM NOTIFIER",
 "countAll": "SELECT COUNT(*) as records FROM NOTIFIER",
 "selectBYsubscriber_id": "SELECT * FROM NOTIFIER \n          WHERE subscriber_id=@subscriber_id",
 "countBYsubscriber_id": "SELECT COUNT(*) as records FROM NOTIFIER \n          WHERE subscriber_id=@subscriber_id",
 "selectBYowner_group_id": "SELECT * FROM NOTIFIER \n          WHERE owner_group_id=@owner_group_id",
 "countBYowner_group_id": "SELECT COUNT(*) as records FROM NOTIFIER \n          WHERE owner_group_id=@owner_group_id"
}