{
 "drop": "DROP TABLE IF EXISTS OWNER_GROUP",
 "clear": "TRUNCATE TABLE IF EXISTS OWNER_GROUP",
 "create": "CREATE TABLE IF NOT EXISTS OWNER_GROUP(\n              owner_group_id VARCHAR PRIMARY KEY DEFAULT (hex( randomblob(16))),\n              /*fk+cols*/ name VARCHAR\n              \n              \n            )",
 "insert": "INSERT INTO OWNER_GROUP(\n            name\n            ) VALUES (@name)",
 "updateSingle": "UPDATE OWNER_GROUP SET\n            name=@name\n            WHERE owner_group_id=@owner_group_id",
 "deleteSingle": "DELETE FROM OWNER_GROUP \n            WHERE owner_group_id=@owner_group_id",
 "getSingle": "SELECT * FROM OWNER_GROUP \n            WHERE owner_group_id=@owner_group_id",
 "getAll": "SELECT * FROM OWNER_GROUP",
 "countAll": "SELECT COUNT(*) as records FROM OWNER_GROUP"
}