{
 "drop": "DROP TABLE IF EXISTS WATCHER",
 "clear": "TRUNCATE TABLE IF EXISTS WATCHER",
 "create": "CREATE TABLE IF NOT EXISTS WATCHER(\n              watcher_id VARCHAR PRIMARY KEY DEFAULT (hex( randomblob(16))),\n              /*fk+cols*/ owner_group_id VARCHAR,\n/*fk+cols*/ name VARCHAR,\n/*fk+cols*/ source VARCHAR,\n/*fk+cols*/ poll_config VARCHAR\n              ,\n              FOREIGN KEY(owner_group_id) REFERENCES OWNER_GROUP(owner_group_id) \n            )",
 "insert": "INSERT INTO WATCHER(\n            owner_group_id,name,source,poll_config\n            ) VALUES (@owner_group_id,@name,@source,@poll_config)",
 "updateSingle": "UPDATE WATCHER SET\n            owner_group_id=@owner_group_id,\nname=@name,\nsource=@source,\npoll_config=@poll_config\n            WHERE watcher_id=@watcher_id",
 "deleteSingle": "DELETE FROM WATCHER \n            WHERE watcher_id=@watcher_id",
 "getSingle": "SELECT * FROM WATCHER \n            WHERE watcher_id=@watcher_id",
 "getAll": "SELECT * FROM WATCHER",
 "countAll": "SELECT COUNT(*) as records FROM WATCHER",
 "selectBYowner_group_id": "SELECT * FROM WATCHER \n          WHERE owner_group_id=@owner_group_id",
 "countBYowner_group_id": "SELECT COUNT(*) as records FROM WATCHER \n          WHERE owner_group_id=@owner_group_id"
}